url,old,new
https://nmgtechnologies.com/blog,Blog,NMG Technologies Blog | Tech Insights & Innovation
https://nmgtechnologies.com/blog/author/nishtha,Blog | Nishtha,Nishtha's Articles | NMG Technologies
https://nmgtechnologies.com/blog/tag/design,Blog | Design,Design Insights | NMG Technologies
https://nmgtechnologies.com/blog/tag/events,Blog | Events,Tech Events & Insights | NMG Technologies
https://nmgtechnologies.com/blog/tag/events/page/2,Blog | Events (2),Events - Page 2 | NMG Technologies
https://nmgtechnologies.com/blog/tag/featured,Blog | Featured,Featured Articles | NMG Technologies
https://nmgtechnologies.com/blog/tag/growth,Blog | Growth,Growth Strategies & Insights | NMG Technologies
https://nmgtechnologies.com/blog/tag/marketing,Blog | Marketing,Marketing Blog | NMG Technologies
https://nmgtechnologies.com/blog/tag/mobile,Blog | Mobile,Mobile Technology Blog | NMG Technologies
https://nmgtechnologies.com/blog/tag/outsourcing,Blog | Outsourcing,Outsourcing Guides & Tips | NMG Technologies
https://nmgtechnologies.com/blog/tag/technology,Blog | Technology,Technology Blog | NMG Technologies
https://nmgtechnologies.com/blog/tag/web,Blog | Web,Web Development Blog | NMG Technologies
https://nmgtechnologies.com/contact-us,Contact Us - NMG Technologies,Contact NMG Technologies | Get in Touch
https://nmgtechnologies.com/disclaimer,Website Disclaimer,Website Disclaimer | NMG Technologies
https://nmgtechnologies.com/services/crm-development,CRM Development Services,Custom CRM Development Services | NMG Technologies
https://nmgtechnologies.com/services/dedicated-team-setups/,Dedicated Team Setups,Dedicated Team Setup Services | NMG Technologies
https://nmgtechnologies.com/services/erp-development,ERP Development,Custom ERP Development Services | NMG Technologies
https://nmgtechnologies.com/services/shopify,Shopify Development,Expert Shopify Development Services | NMG Technologies
https://nmgtechnologies.com/services/web-development,Web Development,Custom Web Development Services | NMG Technologies
https://nmgtechnologies.com/sitemap,Sitemap - NMG Technologies,Sitemap | NMG Technologies
https://nmgtechnologies.com/wordpress-development,WordPress Development,Custom WordPress Development Services | NMG Technologies
